<?xml version="1.0" encoding="UTF-8"?>
<rss version="2.0" xmlns:ror="http://rorweb.com/0.1/" >
<channel>
  <title>ROR Sitemap for https://dsusai.github.io/web/</title>
  <link>https://dsusai.github.io/web/</link>

<item>
     <link>https://dsusai.github.io/web/</link>
     <title>DSUS AI | Vishwakarma Cyber Technologies</title>
     <description>DSUS AI | Vishwakarma Cyber Technologies</description>
     <ror:updatePeriod></ror:updatePeriod>
     <ror:sortOrder>0</ror:sortOrder>
     <ror:resourceOf>sitemap</ror:resourceOf>
</item>
</channel>
</rss>
  